"","study_name","model_number","subgroup","model_type","physical_measure","cognitive_measure","has_converged","trust_all","mistrust","covar_covered","pc_TAU_00_est","pc_TAU_00_se","pc_TAU_00_pval","R_IPIC_est","R_IPIC_se","R_IPIC_pval","pc_CORR_00","pc_CI95_00_low","pc_CI95_00_high","pc_TAU_11_est","pc_TAU_11_se","pc_TAU_11_pval","R_SPSC_est","R_SPSC_se","R_SPSC_pval","pc_CORR_11","pc_CI95_11_low","pc_CI95_11_high","pc_SIGMA_est","pc_SIGMA_se","pc_SIGMA_pval","R_RES_PC_est","R_RES_PC_se","R_RES_PC_pval","pc_CORR_residual","pc_CI95_residual_low","pc_CI95_residual_high","pp_TAU_00_est","cc_TAU_00_est","pp_TAU_11_est","cc_TAU_11_est"
"1","hrs","b1","female","aehplus","hand","immediaterecall",TRUE,TRUE,NA,0,0.793,0.65,0.222,0.09,0.069,0.191,0.0901620066316932,0.0128111017039697,0.166440245570974,0.021,0.027,0.453,0.19,0.244,0.436,0.204268944955917,0.128867095337517,0.277322430185361,0.027,0.257,0.918,0.003,0.029,0.918,0.00302864937767793,-0.074429161530977,0.0804501349455578,102.054,0.758,3.523,0.003
"2","hrs","b1","female","aehplus","peak","immediaterecall",TRUE,TRUE,NA,0,15.647,3.752,0,0.299,0.065,0,0.299214843597867,0.230960888200478,0.364538282785235,0.056,0.098,0.566,0.273,0.494,0.58,0.258804797308284,0.189071644931878,0.325940747454738,1.761,1.609,0.274,0.035,0.032,0.273,0.0351682076619753,-0.0382513662004604,0.108210120906051,3542.245,0.772,9.364,0.005
"3","hrs","b1","male","aehplus","hand","immediaterecall",TRUE,TRUE,NA,0,0.076,1.022,0.94,0.008,0.109,0.942,0.0079162079934238,-0.0792210050419663,0.0949333652786847,-0.012,0.042,0.769,-0.108,0.322,0.739,-0.106373950081828,-0.19168094899453,-0.0194717219500239,-1.496,1.059,0.158,-0.136,0.051,0.007,-0.136072405285085,-0.220541688876878,-0.0495772721756634,150.36,0.613,4.242,0.003
"4","hrs","b1","male","aehplus","peak","immediaterecall",TRUE,TRUE,NA,0,16.411,6.127,0.007,0.209,0.072,0.004,0.208589236884971,0.126046767929642,0.288263331630081,-0.001,0.157,0.997,-0.002,0.474,0.997,-0.00275541696360878,-0.0875062524856236,0.0820350200444223,4.221,2.373,0.075,0.068,0.038,0.073,0.0681100110616641,-0.0167580211909938,0.152003651808539,9983.771,0.62,65.856,0.002
